game_id,season_id,competition_id,competition_stage,game_day,game_date,home_team_id,away_team_id,home_score,away_score,venue,referee
14562,4,2,Regular Season,29,2019-03-02 16:00:00,46,58,2,0,Molineux Stadium,A. Marriner
14625,4,2,Regular Season,35,2019-04-20 18:30:00,37,25,3,1,St. James Park,A. Taylor
14303,4,2,Regular Season,3,2018-08-26 14:30:00,23,31,2,1,Vicarage Road,A. Taylor
14304,4,2,Regular Season,3,2018-08-26 17:00:00,37,33,1,2,St. James Park,P. Tierney
14409,4,2,Regular Season,14,2018-12-01 16:00:00,36,28,3,1,Etihad Stadium,S. Attwell
14533,4,2,Regular Season,26,2019-02-10 17:00:00,36,33,6,0,Etihad Stadium,M. Dean
14601,4,2,Regular Season,33,2019-04-02 20:45:00,23,55,4,1,Vicarage Road,R. East
14279,4,2,Regular Season,1,2018-08-11 16:00:00,23,35,2,0,Vicarage Road,J. Moss
14314,4,2,Regular Season,4,2018-09-02 17:00:00,23,38,2,1,Vicarage Road,A. Marriner
14319,4,2,Regular Season,5,2018-09-15 16:00:00,36,55,3,0,Etihad Stadium,S. Attwell
14461,4,2,Regular Season,19,2018-12-26 16:00:00,38,28,5,0,Wembley Stadium,C. Kavanagh
14525,4,2,Regular Season,25,2019-02-02 13:30:00,38,37,1,0,Wembley Stadium,A. Marriner
14338,4,2,Regular Season,7,2018-09-29 16:00:00,36,35,2,0,Etihad Stadium,L. Mason
14336,4,2,Regular Season,7,2018-09-29 16:00:00,37,22,0,2,St. James Park,S. Hooper
14569,4,2,Regular Season,30,2019-03-09 16:00:00,32,28,0,2,John Smiths Stadium ,A. Taylor
14588,4,2,Regular Season,32,2019-03-30 18:30:00,40,29,0,2,London Stadium,P. Tierney
14590,4,2,Regular Season,32,2019-03-30 16:00:00,22,28,2,0,King Power Stadium,L. Mason
14570,4,2,Regular Season,30,2019-03-09 16:00:00,25,38,2,1,St. Marys Stadium,K. Friend
14549,4,2,Regular Season,28,2019-02-26 20:45:00,22,35,2,1,King Power Stadium,L. Probert
14578,4,2,Regular Season,31,2019-03-17 17:30:00,29,33,2,0,Goodison Park,A. Taylor
14557,4,2,Regular Season,29,2019-03-03 15:05:00,55,33,1,2,Craven Cottage,G. Scott
14575,4,2,Regular Season,30,2019-03-09 16:00:00,58,40,2,0,Cardiff City Stadium,G. Scott
14587,4,2,Regular Season,32,2019-03-30 16:00:00,31,32,2,0,Selhurst Park,L. Probert
14593,4,2,Regular Season,32,2019-04-01 21:00:00,1,37,2,0,Emirates Stadium,A. Taylor
14655,4,2,Regular Season,38,2019-05-12 16:00:00,23,40,1,4,Vicarage Road,
14653,4,2,Regular Season,38,2019-05-12 16:00:00,25,32,1,1,St. Marys Stadium,
14638,4,2,Regular Season,37,2019-05-03 16:00:00,29,34,2,0,Goodison Park,
14639,4,2,Regular Season,37,2019-05-05 16:00:00,33,23,3,0,Stamford Bridge,
14641,4,2,Regular Season,37,2019-05-05 16:00:00,1,35,1,1,Emirates Stadium,
14642,4,2,Regular Season,37,2019-05-04 16:00:00,46,55,1,0,Molineux Stadium,
14640,4,2,Regular Season,37,2019-05-04 16:00:00,58,31,2,3,Cardiff City Stadium,
14643,4,2,Regular Season,37,2019-05-04 16:00:00,40,25,3,0,London Stadium,S. Attwell
14636,4,2,Regular Season,37,2019-05-06 21:00:00,36,22,1,0,Etihad Stadium,M. Dean
14605,4,2,Regular Season,33,2019-04-03 20:45:00,36,58,2,0,Etihad Stadium,J. Moss
14347,4,2,Regular Season,8,2018-10-07 17:30:00,24,36,0,0,Anfield,M. Atkinson
14544,4,2,Regular Season,27,2019-02-22 20:45:00,40,55,3,1,London Stadium,L. Mason
14574,4,2,Regular Season,30,2019-03-09 13:30:00,31,35,1,2,Selhurst Park,C. Pawson
14599,4,2,Regular Season,33,2019-04-07 15:05:00,29,1,1,0,Goodison Park,K. Friend
14606,4,2,Regular Season,34,2019-04-13 16:00:00,55,29,2,0,Craven Cottage,L. Probert
14378,4,2,Regular Season,11,2018-11-05 21:00:00,32,55,1,0,John Smiths Stadium ,A. Taylor
14325,4,2,Regular Season,5,2018-09-17 21:00:00,25,35,2,2,St. Marys Stadium,A. Taylor
14429,4,2,Regular Season,16,2018-12-08 13:30:00,28,24,0,4,Vitality Stadium,L. Mason
14434,4,2,Regular Season,16,2018-12-08 16:00:00,39,55,4,1,Old Trafford,L. Probert
14450,4,2,Regular Season,18,2018-12-22 16:00:00,33,22,0,1,Stamford Bridge,L. Probert
14490,4,2,Regular Season,22,2019-01-12 16:00:00,58,32,0,0,Cardiff City Stadium,L. Mason
14596,4,2,Regular Season,33,2019-04-06 16:00:00,32,22,1,4,John Smiths Stadium ,D. Coote
14308,4,2,Regular Season,4,2018-09-01 16:00:00,31,25,0,2,Selhurst Park,M. Atkinson
14604,4,2,Regular Season,33,2019-04-06 16:00:00,37,31,0,1,St. James Park,S. Attwell
14413,4,2,Regular Season,14,2018-12-01 16:00:00,37,40,0,3,St. James Park,P. Tierney
14618,4,2,Regular Season,35,2019-04-20 16:00:00,28,55,0,1,Vitality Stadium,D. Coote
14400,4,2,Regular Season,13,2018-11-25 17:00:00,46,32,0,2,Molineux Stadium,K. Friend
14383,4,2,Regular Season,11,2018-11-03 16:00:00,58,22,0,1,Cardiff City Stadium,L. Probert
14381,4,2,Regular Season,11,2018-11-03 20:45:00,46,38,2,3,Molineux Stadium,M. Dean
14386,4,2,Regular Season,12,2018-11-11 15:15:00,33,29,0,0,Stamford Bridge,K. Friend
14398,4,2,Regular Season,13,2018-11-24 16:00:00,39,31,0,0,Old Trafford,L. Mason
14515,4,2,Regular Season,24,2019-01-30 20:45:00,25,31,1,1,St. Marys Stadium,A. Marriner
14597,4,2,Regular Season,33,2019-04-06 16:00:00,28,34,1,3,Vitality Stadium,M. Atkinson
14598,4,2,Regular Season,33,2019-04-08 21:00:00,33,40,2,0,Stamford Bridge,C. Kavanagh
14531,4,2,Regular Season,26,2019-02-09 18:30:00,35,34,1,3,The American Express Community Stadium,S. Attwell
14420,4,2,Regular Season,15,2018-12-05 20:45:00,34,24,1,3,Turf Moor,S. Attwell
14435,4,2,Regular Season,16,2018-12-08 16:00:00,40,31,3,2,London Stadium,A. Taylor
14438,4,2,Regular Season,17,2018-12-15 16:00:00,46,28,2,0,Molineux Stadium,S. Hooper
14439,4,2,Regular Season,17,2018-12-15 18:30:00,55,40,0,2,Craven Cottage,M. Dean
14443,4,2,Regular Season,17,2018-12-15 16:00:00,32,37,0,1,John Smiths Stadium ,A. Taylor
14452,4,2,Regular Season,18,2018-12-22 16:00:00,32,25,1,3,John Smiths Stadium ,S. Attwell
14428,4,2,Regular Season,16,2018-12-08 16:00:00,1,32,1,0,Emirates Stadium,P. Tierney
14458,4,2,Regular Season,19,2018-12-26 13:30:00,55,46,1,1,Craven Cottage,A. Marriner
14466,4,2,Regular Season,20,2018-12-29 18:30:00,24,1,5,1,Anfield,M. Oliver
14475,4,2,Regular Season,20,2018-12-30 15:15:00,34,40,2,0,Turf Moor,D. Coote
14464,4,2,Regular Season,19,2018-12-26 16:00:00,34,29,1,5,Turf Moor,M. Oliver
14467,4,2,Regular Season,20,2018-12-30 17:30:00,39,28,4,1,Old Trafford,L. Mason
14482,4,2,Regular Season,21,2019-01-01 18:30:00,58,38,0,3,Cardiff City Stadium,K. Friend
14481,4,2,Regular Season,21,2019-01-02 20:45:00,33,25,0,0,Stamford Bridge,J. Moss
14488,4,2,Regular Season,22,2019-01-12 16:00:00,35,24,0,1,The American Express Community Stadium,K. Friend
14498,4,2,Regular Season,23,2019-01-19 13:30:00,46,22,4,3,Molineux Stadium,C. Kavanagh
14480,4,2,Regular Season,21,2019-01-01 13:30:00,29,22,0,1,Goodison Park,M. Atkinson
14503,4,2,Regular Season,23,2019-01-19 16:00:00,39,35,2,1,Old Trafford,P. Tierney
14506,4,2,Regular Season,24,2019-01-29 20:45:00,55,35,4,2,Craven Cottage,L. Probert
14507,4,2,Regular Season,24,2019-01-29 20:45:00,32,29,0,1,John Smiths Stadium ,S. Attwell
14523,4,2,Regular Season,25,2019-02-03 15:05:00,22,39,0,1,King Power Stadium,M. Dean
14609,4,2,Regular Season,34,2019-04-13 16:00:00,35,28,0,5,The American Express Community Stadium,K. Friend
14478,4,2,Regular Season,21,2019-01-02 20:45:00,46,31,0,2,Molineux Stadium,R. East
14487,4,2,Regular Season,22,2019-01-13 15:15:00,29,28,2,0,Goodison Park,A. Taylor
14486,4,2,Regular Season,22,2019-01-12 16:00:00,31,23,1,2,Selhurst Park,P. Tierney
14500,4,2,Regular Season,23,2019-01-19 18:30:00,1,33,2,0,Emirates Stadium,A. Taylor
14352,4,2,Regular Season,8,2018-10-07 15:15:00,25,33,0,3,St. Marys Stadium,C. Pawson
14399,4,2,Regular Season,13,2018-11-24 16:00:00,23,24,0,3,Vicarage Road,J. Moss
14348,4,2,Regular Season,8,2018-10-06 16:00:00,31,46,0,1,Selhurst Park,M. Oliver
14417,4,2,Regular Season,15,2018-12-04 21:00:00,23,36,1,2,Vicarage Road,P. Tierney
14436,4,2,Regular Season,17,2018-12-15 16:00:00,23,58,3,2,Vicarage Road,A. Madley
14614,4,2,Regular Season,34,2019-04-14 17:30:00,24,33,2,0,Anfield,M. Oliver
14469,4,2,Regular Season,20,2018-12-29 16:00:00,23,37,1,1,Vicarage Road,R. East
14476,4,2,Regular Season,21,2019-01-02 21:00:00,37,39,0,2,St. James Park,A. Marriner
14504,4,2,Regular Season,23,2019-01-19 16:00:00,37,58,3,0,St. James Park,S. Attwell
14353,4,2,Regular Season,8,2018-10-06 16:00:00,23,28,0,4,Vicarage Road,J. Moss
14366,4,2,Regular Season,10,2018-10-27 16:00:00,23,32,3,0,Vicarage Road,M. Dean
14514,4,2,Regular Season,24,2019-01-29 21:00:00,37,36,2,1,St. James Park,P. Tierney
14421,4,2,Regular Season,15,2018-12-05 21:00:00,39,1,2,2,Old Trafford,A. Marriner
14623,4,2,Regular Season,35,2019-04-20 16:00:00,46,35,0,0,Molineux Stadium,C. Pawson
14594,4,2,Regular Season,32,2019-03-30 16:00:00,39,23,2,1,Old Trafford,S. Attwell
14595,4,2,Regular Season,32,2019-03-31 15:05:00,58,33,1,2,Cardiff City Stadium,C. Pawson
14608,4,2,Regular Season,34,2019-04-13 16:00:00,34,58,2,0,Turf Moor,M. Dean
14568,4,2,Regular Season,30,2019-03-09 16:00:00,22,55,3,1,King Power Stadium,D. Coote
14296,4,2,Regular Season,3,2018-08-25 16:00:00,25,22,1,2,St. Marys Stadium,J. Moss
14301,4,2,Regular Season,3,2018-08-25 18:30:00,24,35,1,0,Anfield,C. Kavanagh
14299,4,2,Regular Season,3,2018-08-26 17:00:00,55,34,4,2,Craven Cottage,D. Coote
14313,4,2,Regular Season,4,2018-09-02 17:00:00,34,39,0,2,Turf Moor,J. Moss
14634,4,2,Regular Season,36,2019-04-27 13:30:00,38,40,0,1,Tottenham Hotspur Stadium,A. Taylor
14627,4,2,Regular Season,36,2019-04-27 16:00:00,55,58,1,0,Craven Cottage,C. Kavanagh
14631,4,2,Regular Season,36,2019-04-27 16:00:00,25,28,3,3,St. Marys Stadium,G. Scott
14629,4,2,Regular Season,36,2019-04-27 18:30:00,35,37,1,1,The American Express Community Stadium,M. Dean
14633,4,2,Regular Season,36,2019-04-27 16:00:00,31,29,0,0,Selhurst Park,L. Mason
14635,4,2,Regular Season,36,2019-04-28 13:00:00,22,1,3,0,King Power Stadium,M. Oliver
14626,4,2,Regular Season,36,2019-04-28 15:05:00,34,36,0,1,Turf Moor,P. Tierney
14543,4,2,Regular Season,27,2019-02-22 20:45:00,58,23,1,5,Cardiff City Stadium,S. Hooper
14447,4,2,Regular Season,18,2018-12-22 16:00:00,28,35,2,0,Vitality Stadium,M. Dean
14521,4,2,Regular Season,25,2019-02-02 16:00:00,29,46,1,3,Goodison Park,L. Mason
14532,4,2,Regular Season,26,2019-02-09 16:00:00,31,40,1,1,Selhurst Park,C. Pawson
14415,4,2,Regular Season,14,2018-12-02 15:05:00,1,38,4,2,Emirates Stadium,M. Dean
14416,4,2,Regular Season,15,2018-12-04 20:45:00,35,31,3,1,The American Express Community Stadium,K. Friend
14501,4,2,Regular Season,23,2019-01-20 14:30:00,32,36,0,3,John Smiths Stadium ,A. Marriner
14510,4,2,Regular Season,24,2019-01-29 20:45:00,46,40,3,0,Molineux Stadium,D. Coote
14518,4,2,Regular Season,25,2019-02-02 18:30:00,58,28,2,0,Cardiff City Stadium,J. Moss
14297,4,2,Regular Season,3,2018-08-25 16:00:00,32,58,0,0,John Smiths Stadium ,M. Oliver
14615,4,2,Regular Season,34,2019-04-12 21:00:00,22,37,0,1,King Power Stadium,C. Kavanagh
14612,4,2,Regular Season,34,2019-04-13 16:00:00,25,46,3,1,St. Marys Stadium,J. Moss
14610,4,2,Regular Season,34,2019-04-13 13:30:00,38,32,4,0,Tottenham Hotspur Stadium,L. Mason
14613,4,2,Regular Season,34,2019-04-13 18:30:00,39,40,2,1,Old Trafford,G. Scott
14592,4,2,Regular Season,32,2019-03-31 17:30:00,24,38,2,1,Anfield,M. Atkinson
14333,4,2,Regular Season,6,2018-09-22 16:00:00,31,37,0,0,Selhurst Park,A. Marriner
14332,4,2,Regular Season,6,2018-09-22 16:00:00,58,36,0,5,Cardiff City Stadium,M. Oliver
14324,4,2,Regular Season,5,2018-09-16 17:00:00,29,40,1,3,Goodison Park,M. Atkinson
14346,4,2,Regular Season,8,2018-10-06 16:00:00,22,29,1,2,King Power Stadium,A. Marriner
14305,4,2,Regular Season,3,2018-08-27 21:00:00,39,38,0,3,Old Trafford,C. Pawson
14331,4,2,Regular Season,6,2018-09-22 16:00:00,34,28,4,0,Turf Moor,A. Taylor
14339,4,2,Regular Season,7,2018-09-29 18:30:00,33,24,1,1,Stamford Bridge,A. Marriner
14323,4,2,Regular Season,5,2018-09-16 14:30:00,46,34,1,0,Molineux Stadium,A. Marriner
14337,4,2,Regular Season,7,2018-09-29 16:00:00,46,25,2,0,Molineux Stadium,S. Attwell
14341,4,2,Regular Season,7,2018-09-29 16:00:00,1,23,2,0,Emirates Stadium,A. Taylor
14536,4,2,Regular Season,27,2019-02-23 16:00:00,37,32,2,0,St. James Park,K. Friend
14311,4,2,Regular Season,4,2018-09-01 16:00:00,29,32,1,1,Goodison Park,S. Attwell
14309,4,2,Regular Season,4,2018-09-01 16:00:00,40,46,0,1,London Stadium,C. Kavanagh
14295,4,2,Regular Season,2,2018-08-20 21:00:00,31,24,0,2,Selhurst Park,M. Oliver
14285,4,2,Regular Season,1,2018-08-12 14:30:00,25,34,0,0,St. Marys Stadium,G. Scott
14310,4,2,Regular Season,4,2018-09-01 18:30:00,36,37,2,1,Etihad Stadium,K. Friend
14572,4,2,Regular Season,30,2019-03-09 18:30:00,36,23,3,1,Etihad Stadium,P. Tierney
14624,4,2,Regular Season,35,2019-04-20 16:00:00,40,22,2,2,London Stadium,L. Probert
14419,4,2,Regular Season,15,2018-12-04 20:45:00,40,58,3,1,London Stadium,G. Scott
14565,4,2,Regular Season,29,2019-03-03 13:00:00,23,22,2,1,Vicarage Road,J. Moss
14555,4,2,Regular Season,28,2019-02-27 21:00:00,33,38,2,0,Stamford Bridge,A. Marriner
14559,4,2,Regular Season,29,2019-03-02 16:00:00,35,32,1,0,The American Express Community Stadium,M. Dean
14553,4,2,Regular Season,28,2019-02-27 20:45:00,25,55,2,0,St. Marys Stadium,A. Taylor
14556,4,2,Regular Season,29,2019-03-02 16:00:00,28,36,0,1,Vitality Stadium,K. Friend
14558,4,2,Regular Season,29,2019-03-02 16:00:00,39,25,3,2,Old Trafford,S. Attwell
14561,4,2,Regular Season,29,2019-03-03 17:15:00,29,24,0,0,Goodison Park,M. Atkinson
14600,4,2,Regular Season,33,2019-04-02 20:45:00,46,39,2,1,Molineux Stadium,M. Dean
14619,4,2,Regular Season,35,2019-04-20 16:00:00,32,23,1,2,John Smiths Stadium ,R. East
14607,4,2,Regular Season,34,2019-04-14 15:05:00,31,36,1,3,Selhurst Park,M. Atkinson
14617,4,2,Regular Season,35,2019-04-21 17:00:00,58,24,0,2,Cardiff City Stadium,M. Atkinson
14602,4,2,Regular Season,33,2019-04-23 20:45:00,38,35,1,0,Tottenham Hotspur Stadium,C. Kavanagh
14564,4,2,Regular Season,29,2019-03-02 13:30:00,38,1,1,1,Wembley Stadium,A. Taylor
14554,4,2,Regular Season,28,2019-02-26 21:00:00,37,34,2,0,St. James Park,C. Pawson
14538,4,2,Regular Season,27,2019-02-24 15:05:00,1,25,2,0,Emirates Stadium,G. Scott
14566,4,2,Regular Season,30,2019-03-10 15:05:00,33,46,1,1,Stamford Bridge,M. Oliver
14379,4,2,Regular Season,11,2018-11-03 16:00:00,37,23,1,0,St. James Park,C. Pawson
14393,4,2,Regular Season,12,2018-11-10 16:00:00,37,28,2,1,St. James Park,L. Probert
14647,4,2,Regular Season,38,2019-05-12 16:00:00,35,36,1,4,The American Express Community Stadium,M. Oliver
14651,4,2,Regular Season,38,2019-05-12 16:00:00,31,28,5,3,Selhurst Park,
14648,4,2,Regular Season,38,2019-05-12 16:00:00,24,46,2,0,Anfield,
14654,4,2,Regular Season,38,2019-05-12 16:00:00,38,29,2,2,Wembley Stadium,
14405,4,2,Regular Season,13,2018-11-24 16:00:00,40,36,0,4,London Stadium,A. Marriner
14300,4,2,Regular Season,3,2018-08-25 13:30:00,46,36,1,1,Molineux Stadium,M. Atkinson
14652,4,2,Regular Season,38,2019-05-12 16:00:00,39,58,0,2,Old Trafford,J. Moss
14380,4,2,Regular Season,11,2018-11-03 16:00:00,40,34,4,2,London Stadium,R. East
14407,4,2,Regular Season,14,2018-12-01 18:30:00,25,39,2,2,St. Marys Stadium,K. Friend
14408,4,2,Regular Season,14,2018-12-02 17:15:00,24,29,1,0,Anfield,C. Kavanagh
14387,4,2,Regular Season,12,2018-11-10 13:30:00,58,35,2,1,Cardiff City Stadium,M. Atkinson
14404,4,2,Regular Season,13,2018-11-25 14:30:00,28,1,1,2,Vitality Stadium,C. Pawson
14328,4,2,Regular Season,6,2018-09-22 16:00:00,24,25,3,0,Anfield,P. Tierney
14649,4,2,Regular Season,38,2019-05-12 16:00:00,22,33,0,0,King Power Stadium,A. Taylor
14646,4,2,Regular Season,38,2019-05-12 16:00:00,34,1,1,3,Turf Moor,M. Dean
14530,4,2,Regular Season,26,2019-02-10 14:30:00,38,22,3,1,Wembley Stadium,M. Oliver
14622,4,2,Regular Season,35,2019-04-21 14:30:00,29,39,4,0,Goodison Park,P. Tierney
14389,4,2,Regular Season,12,2018-11-11 17:30:00,36,39,3,1,Etihad Stadium,A. Taylor
14356,4,2,Regular Season,9,2018-10-21 17:00:00,29,31,2,0,Goodison Park,A. Taylor
14392,4,2,Regular Season,12,2018-11-11 17:30:00,1,46,1,1,Emirates Stadium,S. Attwell
14545,4,2,Regular Season,27,2019-02-24 15:05:00,39,24,0,0,Old Trafford,M. Oliver
14571,4,2,Regular Season,30,2019-03-09 16:00:00,37,29,3,2,St. James Park,L. Mason
14441,4,2,Regular Season,17,2018-12-15 13:30:00,36,29,3,1,Etihad Stadium,C. Pawson
14632,4,2,Regular Season,36,2019-04-27 16:00:00,23,46,1,2,Vicarage Road,S. Hooper
14563,4,2,Regular Season,29,2019-03-02 18:30:00,40,37,2,0,London Stadium,C. Kavanagh
14385,4,2,Regular Season,11,2018-11-04 16:00:00,36,25,6,1,Etihad Stadium,L. Mason
14360,4,2,Regular Season,9,2018-10-20 16:00:00,36,34,5,0,Etihad Stadium,J. Moss
14357,4,2,Regular Season,9,2018-10-20 16:00:00,37,35,0,1,St. James Park,A. Marriner
14374,4,2,Regular Season,10,2018-10-29 21:00:00,38,36,0,1,Wembley Stadium,K. Friend
14396,4,2,Regular Season,13,2018-11-24 18:30:00,38,33,3,1,Wembley Stadium,M. Atkinson
14318,4,2,Regular Season,5,2018-09-15 16:00:00,33,58,4,1,Stamford Bridge,J. Moss
14361,4,2,Regular Season,9,2018-10-20 18:30:00,32,24,0,1,John Smiths Stadium ,M. Oliver
14363,4,2,Regular Season,9,2018-10-20 16:00:00,58,55,4,2,Cardiff City Stadium,K. Friend
14362,4,2,Regular Season,9,2018-10-20 13:30:00,33,39,2,2,Stamford Bridge,M. Dean
14376,4,2,Regular Season,11,2018-11-03 16:00:00,29,35,3,1,Goodison Park,D. Coote
14390,4,2,Regular Season,12,2018-11-10 16:00:00,25,23,1,1,St. Marys Stadium,S. Hooper
14395,4,2,Regular Season,12,2018-11-10 16:00:00,32,40,1,1,John Smiths Stadium ,C. Kavanagh
14391,4,2,Regular Season,12,2018-11-10 18:30:00,31,38,0,1,Selhurst Park,J. Moss
14388,4,2,Regular Season,12,2018-11-10 16:00:00,22,34,0,0,King Power Stadium,M. Dean
14397,4,2,Regular Season,13,2018-11-24 16:00:00,29,58,1,0,Goodison Park,P. Tierney
14528,4,2,Regular Season,26,2019-02-09 16:00:00,23,29,1,0,Vicarage Road,L. Probert
14402,4,2,Regular Season,13,2018-11-26 21:30:00,34,37,1,2,Turf Moor,A. Taylor
14410,4,2,Regular Season,14,2018-12-01 16:00:00,22,23,2,0,King Power Stadium,G. Scott
14422,4,2,Regular Season,15,2018-12-05 20:45:00,46,33,2,1,Molineux Stadium,J. Moss
14527,4,2,Regular Season,26,2019-02-09 16:00:00,25,58,1,2,St. Marys Stadium,M. Atkinson
14526,4,2,Regular Season,26,2019-02-09 16:00:00,32,1,1,2,John Smiths Stadium ,J. Moss
14573,4,2,Regular Season,30,2019-03-10 13:00:00,24,34,4,2,Anfield,A. Marriner
14603,4,2,Regular Season,33,2019-04-05 21:00:00,25,24,1,3,St. Marys Stadium,P. Tierney
14560,4,2,Regular Season,29,2019-03-02 16:00:00,34,31,1,3,Turf Moor,L. Probert
14620,4,2,Regular Season,35,2019-04-21 17:00:00,1,31,2,3,Emirates Stadium,J. Moss
14542,4,2,Regular Season,27,2019-02-06 20:45:00,29,36,0,2,Goodison Park,C. Pawson
14529,4,2,Regular Season,26,2019-02-11 21:00:00,46,37,1,1,Molineux Stadium,G. Scott
14567,4,2,Regular Season,30,2019-03-10 17:30:00,1,39,2,0,Emirates Stadium,J. Moss
14637,4,2,Regular Season,37,2019-05-05 16:00:00,32,39,1,1,John Smiths Stadium ,
14645,4,2,Regular Season,37,2019-05-04 16:00:00,28,38,1,0,Vitality Stadium,
14628,4,2,Regular Season,36,2019-04-26 21:00:00,24,32,5,0,Anfield,K. Friend
14621,4,2,Regular Season,35,2019-04-22 21:00:00,33,34,2,2,Stamford Bridge,K. Friend
14630,4,2,Regular Season,36,2019-04-28 17:30:00,39,33,1,1,Old Trafford,M. Atkinson
14358,4,2,Regular Season,9,2018-10-20 16:00:00,40,38,0,1,London Stadium,M. Atkinson
14368,4,2,Regular Season,10,2018-10-28 14:30:00,34,33,0,4,Turf Moor,C. Pawson
14377,4,2,Regular Season,11,2018-11-04 17:00:00,33,31,3,1,Stamford Bridge,M. Oliver
14406,4,2,Regular Season,14,2018-11-30 21:00:00,58,46,2,1,Cardiff City Stadium,A. Marriner
14425,4,2,Regular Season,15,2018-12-05 20:45:00,29,37,1,1,Goodison Park,L. Mason
14511,4,2,Regular Season,24,2019-01-29 21:00:00,39,34,2,2,Old Trafford,J. Moss
14512,4,2,Regular Season,24,2019-01-30 21:00:00,24,22,1,1,Anfield,M. Atkinson
14355,4,2,Regular Season,8,2018-10-06 18:30:00,39,37,3,2,Old Trafford,A. Taylor
14369,4,2,Regular Season,10,2018-10-27 16:00:00,24,58,4,1,Anfield,S. Attwell
14373,4,2,Regular Season,10,2018-10-27 18:30:00,22,40,1,1,King Power Stadium,M. Oliver
14426,4,2,Regular Season,16,2018-12-09 17:00:00,37,46,1,2,St. James Park,M. Dean
14442,4,2,Regular Season,17,2018-12-16 17:00:00,24,39,3,1,Anfield,M. Atkinson
14497,4,2,Regular Season,23,2019-01-20 17:00:00,55,38,1,2,Craven Cottage,C. Pawson
14432,4,2,Regular Season,16,2018-12-10 21:00:00,29,23,2,2,Goodison Park,K. Friend
14479,4,2,Regular Season,21,2019-01-02 20:45:00,32,34,1,2,John Smiths Stadium ,M. Dean
14465,4,2,Regular Season,19,2018-12-26 16:00:00,22,36,2,1,King Power Stadium,M. Dean
14535,4,2,Regular Season,26,2019-02-09 16:00:00,24,28,3,0,Anfield,A. Taylor
14493,4,2,Regular Season,22,2019-01-14 21:00:00,36,46,3,0,Etihad Stadium,C. Pawson
14552,4,2,Regular Season,28,2019-02-27 21:00:00,24,23,5,0,Anfield,G. Scott
14546,4,2,Regular Season,28,2019-02-27 21:00:00,31,39,1,3,Selhurst Park,M. Atkinson
14548,4,2,Regular Season,28,2019-02-27 20:45:00,1,28,5,1,Emirates Stadium,C. Kavanagh
14547,4,2,Regular Season,28,2019-02-26 20:45:00,58,29,0,3,Cardiff City Stadium,K. Friend
14550,4,2,Regular Season,28,2019-02-26 20:45:00,32,46,1,0,John Smiths Stadium ,D. Coote
14551,4,2,Regular Season,28,2019-02-27 21:00:00,36,40,1,0,Etihad Stadium,S. Attwell
14414,4,2,Regular Season,14,2018-12-01 16:00:00,32,35,1,2,John Smiths Stadium ,M. Oliver
14412,4,2,Regular Season,14,2018-12-02 13:00:00,33,55,2,0,Stamford Bridge,C. Pawson
14411,4,2,Regular Season,14,2018-12-01 16:00:00,31,34,2,0,Selhurst Park,L. Probert
14437,4,2,Regular Season,17,2018-12-15 16:00:00,38,34,1,0,Wembley Stadium,G. Scott
14424,4,2,Regular Season,15,2018-12-05 21:00:00,38,25,3,1,Wembley Stadium,A. Taylor
14456,4,2,Regular Season,19,2018-12-26 16:00:00,31,58,0,0,Selhurst Park,L. Probert
14418,4,2,Regular Season,15,2018-12-04 20:45:00,28,32,2,1,Vitality Stadium,R. East
14448,4,2,Regular Season,18,2018-12-22 13:30:00,1,34,3,1,Emirates Stadium,K. Friend
14431,4,2,Regular Season,16,2018-12-08 16:00:00,58,25,1,0,Cardiff City Stadium,J. Moss
14433,4,2,Regular Season,16,2018-12-08 20:45:00,22,38,0,2,King Power Stadium,C. Pawson
14423,4,2,Regular Season,15,2018-12-05 20:45:00,55,22,1,1,Craven Cottage,D. Coote
14449,4,2,Regular Season,18,2018-12-22 18:30:00,58,39,1,5,Cardiff City Stadium,M. Oliver
14444,4,2,Regular Season,17,2018-12-16 14:30:00,25,1,3,2,St. Marys Stadium,C. Kavanagh
14427,4,2,Regular Season,16,2018-12-08 16:00:00,34,35,1,0,Turf Moor,M. Atkinson
14430,4,2,Regular Season,16,2018-12-08 18:30:00,33,36,2,0,Stamford Bridge,M. Oliver
14462,4,2,Regular Season,19,2018-12-26 20:30:00,23,33,1,2,Vicarage Road,M. Atkinson
14470,4,2,Regular Season,20,2018-12-29 16:00:00,38,46,1,3,Wembley Stadium,S. Attwell
14453,4,2,Regular Season,18,2018-12-22 16:00:00,36,31,2,3,Etihad Stadium,A. Marriner
14454,4,2,Regular Season,18,2018-12-22 16:00:00,37,55,0,0,St. James Park,M. Atkinson
14474,4,2,Regular Season,20,2018-12-30 13:00:00,31,33,0,1,Selhurst Park,C. Pawson
14455,4,2,Regular Season,18,2018-12-22 16:00:00,40,23,0,2,London Stadium,L. Mason
14459,4,2,Regular Season,19,2018-12-26 16:00:00,39,32,3,1,Old Trafford,J. Moss
14457,4,2,Regular Season,19,2018-12-26 16:00:00,24,37,4,0,Anfield,G. Scott
14460,4,2,Regular Season,19,2018-12-27 20:45:00,25,40,1,2,St. Marys Stadium,C. Pawson
14473,4,2,Regular Season,20,2018-12-29 16:00:00,55,32,1,0,Craven Cottage,K. Friend
14472,4,2,Regular Season,20,2018-12-29 16:00:00,22,58,0,1,King Power Stadium,S. Hooper
14471,4,2,Regular Season,20,2018-12-30 15:15:00,25,36,1,3,St. Marys Stadium,P. Tierney
14468,4,2,Regular Season,20,2018-12-29 16:00:00,35,29,1,0,The American Express Community Stadium,A. Madley
14477,4,2,Regular Season,21,2019-01-02 20:45:00,40,35,2,2,London Stadium,C. Kavanagh
14496,4,2,Regular Season,23,2019-01-19 16:00:00,28,40,2,0,Vitality Stadium,S. Hooper
14483,4,2,Regular Season,21,2019-01-01 16:00:00,1,55,4,1,Emirates Stadium,G. Scott
14484,4,2,Regular Season,21,2019-01-02 21:00:00,28,23,3,3,Vitality Stadium,D. Coote
14499,4,2,Regular Season,23,2019-01-19 16:00:00,23,34,0,0,Vicarage Road,M. Oliver
14495,4,2,Regular Season,22,2019-01-13 17:30:00,38,39,0,1,Wembley Stadium,M. Dean
14485,4,2,Regular Season,21,2019-01-03 21:00:00,36,24,2,1,Etihad Stadium,A. Taylor
14502,4,2,Regular Season,23,2019-01-19 16:00:00,24,31,4,3,Anfield,J. Moss
14492,4,2,Regular Season,22,2019-01-12 13:30:00,40,1,1,0,London Stadium,J. Moss
14505,4,2,Regular Season,23,2019-01-19 16:00:00,25,29,2,1,St. Marys Stadium,G. Scott
14513,4,2,Regular Season,24,2019-01-30 21:00:00,38,23,2,1,Wembley Stadium,G. Scott
14508,4,2,Regular Season,24,2019-01-30 20:45:00,28,33,4,0,Vitality Stadium,R. East
14365,4,2,Regular Season,9,2018-10-20 16:00:00,28,25,0,0,Vitality Stadium,L. Probert
14519,4,2,Regular Season,25,2019-02-02 16:00:00,33,32,5,0,Stamford Bridge,P. Tierney
14517,4,2,Regular Season,25,2019-02-02 16:00:00,34,25,1,1,Turf Moor,A. Taylor
14520,4,2,Regular Season,25,2019-02-02 16:00:00,31,55,2,0,Selhurst Park,M. Oliver
14539,4,2,Regular Season,27,2019-04-03 20:45:00,33,35,3,0,Stamford Bridge,G. Scott
14522,4,2,Regular Season,25,2019-02-02 16:00:00,35,23,0,0,The American Express Community Stadium,S. Hooper
14516,4,2,Regular Season,25,2019-02-04 21:00:00,40,24,1,1,London Stadium,K. Friend
14537,4,2,Regular Season,27,2019-02-23 13:30:00,34,38,2,1,Turf Moor,M. Dean
14540,4,2,Regular Season,27,2019-02-23 18:30:00,22,31,1,4,King Power Stadium,A. Taylor
14541,4,2,Regular Season,27,2019-02-23 16:00:00,28,46,1,1,Vitality Stadium,R. East
14534,4,2,Regular Season,26,2019-02-09 13:30:00,55,39,0,3,Craven Cottage,P. Tierney
14577,4,2,Regular Season,31,2019-03-16 16:00:00,34,22,1,2,Turf Moor,M. Oliver
14585,4,2,Regular Season,31,2019-03-16 16:00:00,28,37,2,2,Vitality Stadium,M. Dean
14586,4,2,Regular Season,32,2019-03-30 16:00:00,35,25,0,1,The American Express Community Stadium,M. Oliver
14583,4,2,Regular Season,31,2019-03-16 16:00:00,40,32,4,3,London Stadium,J. Moss
14611,4,2,Regular Season,34,2019-04-15 21:00:00,23,1,0,1,Vicarage Road,C. Pawson
14584,4,2,Regular Season,31,2019-04-23 20:45:00,23,25,1,1,Vicarage Road,M. Dean
14616,4,2,Regular Season,35,2019-04-20 13:30:00,36,38,1,0,Etihad Stadium,M. Oliver
14589,4,2,Regular Season,32,2019-03-30 16:00:00,34,46,2,0,Turf Moor,C. Kavanagh
14580,4,2,Regular Season,31,2019-04-24 21:00:00,39,36,0,2,Old Trafford,A. Marriner
14582,4,2,Regular Season,31,2019-04-16 20:45:00,35,58,0,2,The American Express Community Stadium,A. Marriner
14581,4,2,Regular Season,31,2019-04-03 20:45:00,38,31,2,0,Tottenham Hotspur Stadium,A. Marriner
14579,4,2,Regular Season,31,2019-03-17 15:15:00,55,24,1,2,Craven Cottage,C. Pawson
14576,4,2,Regular Season,31,2019-04-24 20:45:00,46,1,3,1,Molineux Stadium,S. Attwell
14591,4,2,Regular Season,32,2019-03-30 13:30:00,55,36,0,2,Craven Cottage,K. Friend
14509,4,2,Regular Season,24,2019-01-29 20:45:00,1,58,2,1,Emirates Stadium,M. Dean
14445,4,2,Regular Season,17,2018-12-16 14:30:00,35,33,1,2,The American Express Community Stadium,S. Attwell
14489,4,2,Regular Season,22,2019-01-12 16:00:00,34,55,2,1,Turf Moor,M. Atkinson
14491,4,2,Regular Season,22,2019-01-12 18:30:00,33,37,2,1,Stamford Bridge,C. Kavanagh
14494,4,2,Regular Season,22,2019-01-12 16:00:00,22,25,1,2,King Power Stadium,M. Oliver
14320,4,2,Regular Season,5,2018-09-15 18:30:00,23,39,1,2,Vicarage Road,M. Dean
14335,4,2,Regular Season,6,2018-09-23 14:30:00,40,33,0,0,London Stadium,M. Dean
14281,4,2,Regular Season,1,2018-08-11 16:00:00,28,58,2,0,Vitality Stadium,K. Friend
14294,4,2,Regular Season,2,2018-08-19 14:30:00,36,32,6,1,Etihad Stadium,A. Marriner
14371,4,2,Regular Season,10,2018-10-27 16:00:00,35,46,1,0,The American Express Community Stadium,A. Taylor
14298,4,2,Regular Season,3,2018-08-25 16:00:00,28,29,2,2,Vitality Stadium,L. Probert
14287,4,2,Regular Season,2,2018-08-18 13:30:00,58,37,0,0,Cardiff City Stadium,C. Pawson
14276,4,2,Regular Season,1,2018-08-10 21:00:00,39,22,2,1,Old Trafford,A. Marriner
14326,4,2,Regular Season,6,2018-09-22 18:30:00,35,38,1,2,The American Express Community Stadium,C. Kavanagh
14307,4,2,Regular Season,4,2018-09-01 16:00:00,33,28,2,0,Stamford Bridge,L. Mason
14343,4,2,Regular Season,7,2018-09-29 16:00:00,32,38,0,2,John Smiths Stadium ,C. Pawson
14316,4,2,Regular Season,5,2018-09-15 16:00:00,28,22,4,2,Vitality Stadium,C. Pawson
14354,4,2,Regular Season,8,2018-10-06 16:00:00,38,58,1,0,Wembley Stadium,M. Dean
14364,4,2,Regular Season,9,2018-10-22 21:00:00,1,22,3,1,Emirates Stadium,C. Kavanagh
14367,4,2,Regular Season,10,2018-10-27 16:00:00,25,37,0,0,St. Marys Stadium,C. Kavanagh
14401,4,2,Regular Season,13,2018-11-24 16:00:00,55,25,3,2,Craven Cottage,M. Oliver
14370,4,2,Regular Season,10,2018-10-27 16:00:00,55,28,0,3,Craven Cottage,A. Marriner
14394,4,2,Regular Season,12,2018-11-11 13:00:00,24,55,2,0,Anfield,P. Tierney
14384,4,2,Regular Season,11,2018-11-03 13:30:00,28,39,1,2,Vitality Stadium,P. Tierney
14282,4,2,Regular Season,1,2018-08-11 13:30:00,37,38,1,2,St. James Park,M. Atkinson
14277,4,2,Regular Season,1,2018-08-11 16:00:00,55,31,0,2,Craven Cottage,M. Dean
14278,4,2,Regular Season,1,2018-08-11 16:00:00,32,33,0,3,John Smiths Stadium ,C. Kavanagh
14291,4,2,Regular Season,2,2018-08-18 16:00:00,38,55,3,1,Wembley Stadium,A. Taylor
14315,4,2,Regular Season,4,2018-09-02 14:30:00,58,1,2,3,Cardiff City Stadium,A. Taylor
14403,4,2,Regular Season,13,2018-11-24 16:00:00,35,22,1,1,The American Express Community Stadium,C. Kavanagh
14288,4,2,Regular Season,2,2018-08-18 16:00:00,22,46,2,0,King Power Stadium,M. Dean
14289,4,2,Regular Season,2,2018-08-18 16:00:00,40,28,1,2,London Stadium,S. Attwell
14382,4,2,Regular Season,11,2018-11-03 18:30:00,1,24,1,1,Emirates Stadium,A. Marriner
14375,4,2,Regular Season,10,2018-10-28 14:30:00,31,1,2,2,Selhurst Park,M. Atkinson
14312,4,2,Regular Season,4,2018-09-01 16:00:00,35,55,2,2,The American Express Community Stadium,L. Probert
14446,4,2,Regular Season,18,2018-12-21 21:00:00,46,24,0,2,Molineux Stadium,C. Pawson
14327,4,2,Regular Season,6,2018-09-22 16:00:00,22,32,3,1,King Power Stadium,D. Coote
14451,4,2,Regular Season,18,2018-12-23 17:00:00,29,38,2,6,Goodison Park,P. Tierney
14463,4,2,Regular Season,19,2018-12-26 18:15:00,35,1,1,1,The American Express Community Stadium,A. Taylor
14440,4,2,Regular Season,17,2018-12-15 16:00:00,31,22,1,0,Selhurst Park,M. Oliver
14317,4,2,Regular Season,5,2018-09-15 13:30:00,38,24,1,2,Wembley Stadium,M. Oliver
14292,4,2,Regular Season,2,2018-08-19 14:30:00,34,23,1,3,Turf Moor,P. Tierney
14345,4,2,Regular Season,7,2018-10-01 21:00:00,28,31,2,1,Vitality Stadium,M. Dean
14329,4,2,Regular Season,6,2018-09-22 16:00:00,39,46,1,1,Old Trafford,K. Friend
14350,4,2,Regular Season,8,2018-10-07 13:00:00,55,1,1,5,Craven Cottage,P. Tierney
14302,4,2,Regular Season,3,2018-08-25 16:00:00,1,40,3,1,Emirates Stadium,G. Scott
14306,4,2,Regular Season,4,2018-09-01 13:30:00,22,24,1,2,King Power Stadium,P. Tierney
14293,4,2,Regular Season,2,2018-08-19 17:00:00,35,39,3,2,The American Express Community Stadium,K. Friend
14334,4,2,Regular Season,6,2018-09-23 17:00:00,1,29,2,0,Emirates Stadium,J. Moss
14283,4,2,Regular Season,1,2018-08-12 17:00:00,1,36,0,2,Emirates Stadium,M. Oliver
14372,4,2,Regular Season,10,2018-10-28 17:00:00,39,29,2,1,Old Trafford,J. Moss
14290,4,2,Regular Season,2,2018-08-18 18:30:00,33,1,3,2,Stamford Bridge,M. Atkinson
14286,4,2,Regular Season,2,2018-08-18 16:00:00,29,25,2,1,Goodison Park,L. Mason
14284,4,2,Regular Season,1,2018-08-12 14:30:00,24,40,4,0,Anfield,A. Taylor
14322,4,2,Regular Season,5,2018-09-15 16:00:00,37,1,1,2,St. James Park,L. Probert
14344,4,2,Regular Season,7,2018-09-30 17:00:00,58,34,1,2,Cardiff City Stadium,M. Atkinson
14340,4,2,Regular Season,7,2018-09-29 13:30:00,40,39,3,1,London Stadium,M. Oliver
14359,4,2,Regular Season,9,2018-10-20 16:00:00,46,23,0,2,Molineux Stadium,L. Mason
14342,4,2,Regular Season,7,2018-09-29 16:00:00,29,55,3,0,Goodison Park,R. East
14330,4,2,Regular Season,6,2018-09-22 13:30:00,55,23,1,1,Craven Cottage,M. Atkinson
14351,4,2,Regular Season,8,2018-10-05 21:00:00,35,40,1,0,The American Express Community Stadium,K. Friend
14349,4,2,Regular Season,8,2018-10-06 16:00:00,34,32,1,1,Turf Moor,C. Kavanagh
14321,4,2,Regular Season,5,2018-09-15 16:00:00,32,31,0,1,John Smiths Stadium ,L. Mason
14280,4,2,Regular Season,1,2018-08-11 18:30:00,46,29,2,2,Molineux Stadium,C. Pawson
14524,4,2,Regular Season,25,2019-02-03 17:30:00,36,1,3,1,Etihad Stadium,M. Atkinson
14644,4,2,Regular Season,37,2019-05-04 20:45:00,37,24,2,3,St. James Park,A. Marriner
14650,4,2,Regular Season,38,2019-05-12 16:00:00,55,37,0,4,Craven Cottage,K. Friend
2091,1,2,Regular Season,18,2017-12-18 21:00:00,29,26,3,1,Goodison Park,J. Moss
2332,1,2,Regular Season,16,2017-12-09 18:30:00,37,22,2,3,St. James Park,N. Swarbrick
2184,1,2,Regular Season,29,2018-03-03 16:00:00,23,27,1,0,Vicarage Road,P. Tierney
2049,1,2,Regular Season,27,2018-02-10 16:00:00,26,34,1,0,Liberty Stadium,A. Marriner
1978,1,2,Regular Season,28,2018-02-24 13:30:00,22,30,1,1,King Power Stadium,M. Oliver
2112,1,2,Regular Season,15,2017-12-03 17:00:00,36,40,2,1,Etihad Stadium,M. Dean
1983,1,2,Regular Season,21,2018-01-04 21:00:00,38,40,1,1,Wembley Stadium,M. Dean
2266,1,2,Regular Season,38,2018-05-13 16:00:00,32,1,0,1,John Smiths Stadium ,M. Oliver
2047,1,2,Regular Season,37,2018-05-05 16:00:00,28,26,1,0,Vitality Stadium,K. Friend
2079,1,2,Regular Season,24,2018-01-20 16:00:00,29,27,1,1,Goodison Park,S. Attwell
2270,1,2,Regular Season,20,2017-12-26 16:00:00,33,35,2,0,Stamford Bridge,M. Dean
2249,1,2,Regular Season,28,2018-02-24 16:00:00,28,37,2,2,Vitality Stadium,R. East
2043,1,2,Regular Season,30,2018-03-12 21:00:00,30,36,0,2,Bet365 Stadium,J. Moss
2007,1,2,Regular Season,21,2017-12-30 16:00:00,23,26,1,2,Vicarage Road,M. Atkinson
2277,1,2,Regular Season,28,2018-02-24 16:00:00,27,32,1,2,The Hawthorns,J. Moss
2144,1,2,Regular Season,7,2017-09-30 16:00:00,30,25,2,1,Bet365 Stadium,M. Jones
2005,1,2,Regular Season,20,2017-12-26 16:00:00,28,40,3,3,Vitality Stadium,S. Attwell
2220,1,2,Regular Season,24,2018-01-20 16:00:00,1,31,4,1,Emirates Stadium,C. Kavanagh
2287,1,2,Regular Season,19,2017-12-23 16:00:00,40,37,2,3,London Stadium,L. Mason
2108,1,2,Regular Season,16,2017-12-09 16:00:00,31,28,2,2,Selhurst Park,K. Friend
2231,1,2,Regular Season,21,2017-12-30 16:00:00,33,30,5,0,Stamford Bridge,K. Friend
2153,1,2,Regular Season,18,2017-12-16 13:30:00,22,31,0,3,King Power Stadium,M. Atkinson
2048,1,2,Regular Season,26,2018-02-05 21:00:00,23,33,4,1,Vicarage Road,M. Dean
2209,1,2,Regular Season,25,2018-01-30 20:45:00,40,31,1,1,London Stadium,N. Swarbrick
2228,1,2,Regular Season,20,2017-12-28 21:00:00,31,1,2,3,Selhurst Park,M. Oliver
2232,1,2,Regular Season,22,2018-01-02 20:45:00,25,31,1,2,St. Marys Stadium,S. Attwell
2237,1,2,Regular Season,22,2018-01-03 20:45:00,1,33,2,2,Emirates Stadium,A. Taylor
2320,1,2,Regular Season,10,2017-10-29 17:00:00,22,29,2,0,King Power Stadium,A. Marriner
2225,1,2,Regular Season,18,2017-12-16 18:30:00,36,38,4,1,Etihad Stadium,C. Pawson
2142,1,2,Regular Season,30,2018-03-10 18:30:00,33,31,2,1,Stamford Bridge,A. Taylor
2340,1,2,Regular Season,27,2018-02-10 16:00:00,30,35,1,1,Bet365 Stadium,R. Madley
2094,1,2,Regular Season,3,2017-08-26 13:30:00,28,36,1,2,Vitality Stadium,M. Dean
2236,1,2,Regular Season,27,2018-02-10 16:00:00,29,31,3,1,Goodison Park,J. Moss
2199,1,2,Regular Season,36,2018-04-30 21:00:00,38,23,2,0,Wembley Stadium,M. Oliver
2218,1,2,Regular Season,13,2017-11-25 16:00:00,37,23,0,3,St. James Park,C. Kavanagh
2251,1,2,Regular Season,7,2017-09-30 16:00:00,39,31,4,0,Old Trafford,M. Dean
2260,1,2,Regular Season,1,2017-08-12 16:00:00,27,28,1,0,The Hawthorns,R. Madley
2074,1,2,Regular Season,13,2017-11-26 14:30:00,25,29,4,1,St. Marys Stadium,K. Friend
2032,1,2,Regular Season,3,2017-08-26 16:00:00,32,25,0,0,John Smiths Stadium ,S. Attwell
2327,1,2,Regular Season,13,2017-11-25 16:00:00,39,35,1,0,Old Trafford,N. Swarbrick
2163,1,2,Regular Season,20,2017-12-26 13:30:00,38,25,5,2,Wembley Stadium,G. Scott
2170,1,2,Regular Season,29,2018-03-05 21:00:00,31,39,2,3,Selhurst Park,N. Swarbrick
2317,1,2,Regular Season,13,2017-11-25 16:00:00,26,28,0,0,Liberty Stadium,S. Attwell
2028,1,2,Regular Season,31,2018-05-10 20:45:00,40,39,0,0,London Stadium,J. Moss
2309,1,2,Regular Season,15,2017-12-03 14:30:00,28,25,1,1,Vitality Stadium,J. Moss
2202,1,2,Regular Season,31,2018-05-09 20:45:00,22,1,3,1,King Power Stadium,G. Scott
2307,1,2,Regular Season,6,2017-09-25 21:00:00,1,27,2,0,Emirates Stadium,R. Madley
2023,1,2,Regular Season,13,2017-11-24 21:00:00,40,22,1,1,London Stadium,M. Atkinson
2173,1,2,Regular Season,14,2017-11-28 21:00:00,27,37,2,2,The Hawthorns,L. Probert
1985,1,2,Regular Season,20,2017-12-27 20:45:00,37,36,0,1,St. James Park,A. Marriner
2238,1,2,Regular Season,20,2017-12-26 16:00:00,27,29,0,0,The Hawthorns,R. East
2141,1,2,Regular Season,17,2017-12-13 20:45:00,25,22,1,4,St. Marys Stadium,C. Kavanagh
2169,1,2,Regular Season,31,2018-03-17 16:00:00,28,27,2,1,Vitality Stadium,G. Scott
2152,1,2,Regular Season,22,2018-01-01 18:30:00,29,39,0,2,Goodison Park,A. Marriner
2119,1,2,Regular Season,20,2017-12-26 16:00:00,39,34,2,2,Old Trafford,M. Atkinson
2176,1,2,Regular Season,38,2018-05-13 16:00:00,26,30,1,2,Liberty Stadium,A. Taylor
2338,1,2,Regular Season,21,2017-12-31 13:00:00,31,36,0,0,Selhurst Park,J. Moss
2258,1,2,Regular Season,22,2018-01-02 20:45:00,40,27,2,1,London Stadium,M. Jones
2264,1,2,Regular Season,21,2017-12-30 18:30:00,39,25,0,0,Old Trafford,C. Pawson
2036,1,2,Regular Season,26,2018-02-04 15:15:00,31,37,1,1,Selhurst Park,A. Marriner
2089,1,2,Regular Season,20,2017-12-26 18:30:00,24,26,5,0,Anfield,K. Friend
2319,1,2,Regular Season,32,2018-04-01 14:30:00,1,30,3,0,Emirates Stadium,C. Pawson
2294,1,2,Regular Season,28,2018-02-24 16:00:00,35,26,4,1,The American Express Community Stadium,M. Dean
2067,1,2,Regular Season,14,2017-11-29 20:45:00,28,34,1,2,Vitality Stadium,R. East
2003,1,2,Regular Season,18,2017-12-17 17:30:00,28,24,0,4,Vitality Stadium,A. Marriner
2147,1,2,Regular Season,26,2018-02-04 17:30:00,24,38,2,2,Anfield,J. Moss
2183,1,2,Regular Season,23,2018-01-13 16:00:00,33,22,0,0,Stamford Bridge,M. Jones
2339,1,2,Regular Season,31,2018-03-17 16:00:00,32,31,0,2,John Smiths Stadium ,M. Dean
2223,1,2,Regular Season,32,2018-03-31 16:00:00,35,22,0,2,The American Express Community Stadium,C. Kavanagh
2324,1,2,Regular Season,18,2017-12-16 16:00:00,1,37,1,0,Emirates Stadium,S. Attwell
2357,1,2,Regular Season,30,2018-03-10 13:30:00,39,24,2,1,Old Trafford,C. Pawson
1996,1,2,Regular Season,4,2017-09-09 16:00:00,1,28,3,0,Emirates Stadium,A. Taylor
2033,1,2,Regular Season,1,2017-08-12 13:30:00,23,24,3,3,Vicarage Road,A. Taylor
2041,1,2,Regular Season,5,2017-09-16 16:00:00,23,36,0,6,Vicarage Road,A. Taylor
2179,1,2,Regular Season,7,2017-10-01 17:30:00,37,24,1,1,St. James Park,C. Pawson
1986,1,2,Regular Season,8,2017-10-14 18:30:00,23,1,2,1,Vicarage Road,N. Swarbrick
2038,1,2,Regular Season,11,2017-11-04 13:30:00,30,22,2,2,Bet365 Stadium,R. Madley
2165,1,2,Regular Season,12,2017-11-19 17:00:00,23,40,2,0,Vicarage Road,A. Marriner
2160,1,2,Regular Season,14,2017-11-29 21:00:00,36,25,2,1,Etihad Stadium,P. Tierney
2214,1,2,Regular Season,15,2017-12-02 16:00:00,23,38,1,1,Vicarage Road,M. Atkinson
1993,1,2,Regular Season,19,2017-12-23 16:00:00,36,28,4,0,Etihad Stadium,M. Jones
2040,1,2,Regular Season,19,2017-12-23 16:00:00,30,27,3,1,Bet365 Stadium,N. Swarbrick
2037,1,2,Regular Season,20,2017-12-26 16:00:00,23,22,2,1,Vicarage Road,C. Kavanagh
2194,1,2,Regular Season,23,2018-01-13 16:00:00,23,25,2,2,Vicarage Road,R. East
2015,1,2,Regular Season,23,2018-01-13 16:00:00,37,26,1,1,St. James Park,G. Scott
2097,1,2,Regular Season,24,2018-01-20 16:00:00,30,32,2,0,Bet365 Stadium,M. Oliver
2210,1,2,Regular Season,25,2018-01-31 21:00:00,30,23,0,0,Bet365 Stadium,J. Moss
2336,1,2,Regular Season,29,2018-03-04 17:00:00,36,33,1,0,Etihad Stadium,M. Oliver
2068,1,2,Regular Season,31,2018-03-17 16:00:00,30,29,1,2,Bet365 Stadium,M. Atkinson
2213,1,2,Regular Season,32,2018-03-31 16:00:00,23,28,2,2,Vicarage Road,A. Madley
2322,1,2,Regular Season,32,2018-03-31 16:00:00,37,32,1,0,St. James Park,M. Atkinson
2107,1,2,Regular Season,33,2018-04-07 16:00:00,23,34,1,2,Vicarage Road,P. Tierney
2206,1,2,Regular Season,34,2018-04-15 14:30:00,37,1,2,1,St. James Park,A. Taylor
2318,1,2,Regular Season,35,2018-04-21 16:00:00,23,31,0,0,Vicarage Road,C. Kavanagh
2279,1,2,Regular Season,35,2018-04-22 14:30:00,30,34,1,1,Bet365 Stadium,M. Dean
2120,1,2,Regular Season,37,2018-05-05 13:30:00,30,31,1,2,Bet365 Stadium,M. Atkinson
2282,1,2,Regular Season,37,2018-05-05 16:00:00,23,37,2,1,Vicarage Road,R. East
2329,1,2,Regular Season,37,2018-05-06 14:30:00,36,32,0,0,Etihad Stadium,M. Dean
2118,1,2,Regular Season,31,2018-05-09 21:00:00,38,37,1,0,Wembley Stadium,N. Swarbrick
2250,1,2,Regular Season,17,2017-12-13 21:00:00,38,35,2,0,Wembley Stadium,R. Madley
1979,1,2,Regular Season,30,2018-03-10 16:00:00,37,25,3,0,St. James Park,A. Marriner
2145,1,2,Regular Season,15,2017-12-02 16:00:00,22,34,1,0,King Power Stadium,P. Tierney
2082,1,2,Regular Season,15,2017-12-02 16:00:00,29,32,2,0,Goodison Park,C. Kavanagh
2098,1,2,Regular Season,21,2017-12-30 16:00:00,28,29,2,1,Vitality Stadium,L. Probert
2343,1,2,Regular Season,12,2017-11-18 16:00:00,22,36,0,2,King Power Stadium,G. Scott
2124,1,2,Regular Season,15,2017-12-02 16:00:00,30,26,2,1,Bet365 Stadium,C. Pawson
2149,1,2,Regular Season,21,2017-12-30 16:00:00,37,35,0,0,St. James Park,A. Taylor
2073,1,2,Regular Season,26,2018-02-03 16:00:00,22,26,1,1,King Power Stadium,A. Taylor
2020,1,2,Regular Season,21,2017-12-31 17:30:00,27,1,1,1,The Hawthorns,M. Dean
2102,1,2,Regular Season,15,2017-12-02 18:30:00,1,39,1,3,Emirates Stadium,A. Marriner
2034,1,2,Regular Season,15,2017-12-02 13:30:00,33,37,3,1,Stamford Bridge,K. Friend
2133,1,2,Regular Season,13,2017-11-26 15:00:00,34,1,0,1,Turf Moor,L. Mason
2244,1,2,Regular Season,6,2017-09-23 16:00:00,30,33,0,4,Bet365 Stadium,M. Dean
2014,1,2,Regular Season,13,2017-11-25 16:00:00,31,30,2,1,Selhurst Park,M. Dean
2080,1,2,Regular Season,17,2017-12-13 20:45:00,37,29,0,1,St. James Park,M. Atkinson
2057,1,2,Regular Season,22,2018-01-01 16:00:00,30,37,0,1,Bet365 Stadium,C. Kavanagh
2126,1,2,Regular Season,10,2017-10-28 16:00:00,24,32,3,0,Anfield,K. Friend
2180,1,2,Regular Season,11,2017-11-04 16:00:00,25,34,0,1,St. Marys Stadium,L. Probert
2177,1,2,Regular Season,4,2017-09-09 16:00:00,25,23,0,2,St. Marys Stadium,L. Probert
2115,1,2,Regular Season,9,2017-10-21 16:00:00,26,22,1,2,Liberty Stadium,M. Oliver
2121,1,2,Regular Season,9,2017-10-21 16:00:00,37,31,1,0,St. James Park,S. Attwell
2064,1,2,Regular Season,23,2018-01-14 17:00:00,24,36,4,3,Anfield,A. Marriner
2190,1,2,Regular Season,9,2017-10-21 13:30:00,33,23,4,2,Stamford Bridge,J. Moss
2344,1,2,Regular Season,9,2017-10-21 16:00:00,36,34,3,0,Etihad Stadium,R. East
2285,1,2,Regular Season,30,2018-03-10 16:00:00,40,34,0,3,London Stadium,L. Mason
2182,1,2,Regular Season,16,2017-12-09 16:00:00,26,27,1,0,Liberty Stadium,M. Dean
2148,1,2,Regular Season,15,2017-12-02 16:00:00,27,31,0,0,The Hawthorns,M. Oliver
2306,1,2,Regular Season,38,2018-05-13 16:00:00,24,35,4,0,Anfield,K. Friend
2143,1,2,Regular Season,22,2018-01-01 13:30:00,35,28,2,2,The American Express Community Stadium,M. Oliver
2069,1,2,Regular Season,29,2018-03-03 13:30:00,34,29,2,1,Turf Moor,C. Kavanagh
2132,1,2,Regular Season,20,2017-12-26 16:00:00,32,30,1,1,John Smiths Stadium ,A. Taylor
2259,1,2,Regular Season,34,2018-04-14 16:00:00,26,29,1,1,Liberty Stadium,L. Mason
2083,1,2,Regular Season,30,2018-03-11 14:30:00,1,23,3,0,Emirates Stadium,M. Atkinson
2024,1,2,Regular Season,19,2017-12-23 16:00:00,35,23,1,0,The American Express Community Stadium,P. Tierney
2314,1,2,Regular Season,5,2017-09-16 16:00:00,32,22,1,1,John Smiths Stadium ,J. Moss
2351,1,2,Regular Season,17,2017-12-12 21:00:00,32,33,1,3,John Smiths Stadium ,A. Marriner
2207,1,2,Regular Season,16,2017-12-09 13:30:00,40,33,1,0,London Stadium,A. Taylor
2122,1,2,Regular Season,35,2018-04-22 14:30:00,1,40,4,1,Emirates Stadium,L. Mason
2061,1,2,Regular Season,13,2017-11-25 18:30:00,24,33,1,1,Anfield,M. Oliver
2053,1,2,Regular Season,36,2018-04-28 13:30:00,24,30,0,0,Anfield,A. Marriner
2312,1,2,Regular Season,16,2017-12-09 16:00:00,32,35,2,0,John Smiths Stadium ,S. Attwell
2217,1,2,Regular Season,19,2017-12-23 13:30:00,29,33,0,0,Goodison Park,R. Madley
2155,1,2,Regular Season,5,2017-09-16 16:00:00,27,40,0,0,The Hawthorns,P. Tierney
2326,1,2,Regular Season,37,2018-05-05 16:00:00,22,40,0,2,King Power Stadium,C. Kavanagh
2059,1,2,Regular Season,11,2017-11-04 16:00:00,26,35,0,1,Liberty Stadium,M. Dean
2255,1,2,Regular Season,30,2018-03-10 16:00:00,29,35,2,0,Goodison Park,R. East
2352,1,2,Regular Season,12,2017-11-18 16:00:00,28,32,4,0,Vitality Stadium,L. Probert
2136,1,2,Regular Season,12,2017-11-18 18:30:00,39,37,4,1,Old Trafford,C. Pawson
2248,1,2,Regular Season,4,2017-09-11 21:00:00,40,32,2,0,London Stadium,K. Friend
1997,1,2,Regular Season,22,2018-01-02 20:45:00,26,38,0,2,Liberty Stadium,R. Madley
2046,1,2,Regular Season,31,2018-03-17 18:30:00,24,23,5,0,Anfield,A. Taylor
2226,1,2,Regular Season,24,2018-01-20 16:00:00,40,28,1,1,London Stadium,M. Atkinson
2331,1,2,Regular Season,8,2017-10-15 14:30:00,35,29,1,1,The American Express Community Stadium,M. Oliver
2081,1,2,Regular Season,36,2018-04-29 15:15:00,40,36,1,4,London Stadium,N. Swarbrick
2039,1,2,Regular Season,19,2017-12-23 20:45:00,22,39,2,2,King Power Stadium,J. Moss
2117,1,2,Regular Season,4,2017-09-09 16:00:00,29,38,0,3,Goodison Park,G. Scott
1980,1,2,Regular Season,24,2018-01-20 16:00:00,34,39,0,1,Turf Moor,M. Dean
2093,1,2,Regular Season,24,2018-01-21 17:00:00,25,38,1,1,St. Marys Stadium,K. Friend
2311,1,2,Regular Season,34,2018-04-14 16:00:00,31,35,3,2,Selhurst Park,A. Marriner
2283,1,2,Regular Season,35,2018-05-09 20:45:00,33,32,1,1,Stamford Bridge,L. Mason
2302,1,2,Regular Season,14,2017-11-29 20:45:00,1,32,5,0,Emirates Stadium,G. Scott
2333,1,2,Regular Season,36,2018-04-28 16:00:00,31,22,5,0,Selhurst Park,M. Dean
2159,1,2,Regular Season,30,2018-03-10 16:00:00,32,26,0,0,John Smiths Stadium ,M. Oliver
7311,1,2,Regular Season,33,2018-04-08 15:15:00,1,25,3,2,Emirates Stadium,A. Marriner
2128,1,2,Regular Season,2,2017-08-19 16:00:00,25,40,3,2,St. Marys Stadium,L. Mason
2321,1,2,Regular Season,22,2018-01-01 16:00:00,34,24,1,2,Turf Moor,R. East
2219,1,2,Regular Season,19,2017-12-23 16:00:00,25,32,1,1,St. Marys Stadium,L. Probert
2196,1,2,Regular Season,25,2018-01-31 20:45:00,33,28,0,3,Stamford Bridge,L. Probert
2011,1,2,Regular Season,14,2017-11-29 21:00:00,29,40,4,0,Goodison Park,M. Oliver
2095,1,2,Regular Season,17,2017-12-12 21:00:00,31,23,2,1,Selhurst Park,L. Mason
2271,1,2,Regular Season,18,2017-12-16 17:00:00,30,40,0,3,Bet365 Stadium,G. Scott
2239,1,2,Regular Season,18,2017-12-16 16:00:00,23,32,1,4,Vicarage Road,M. Oliver
2188,1,2,Regular Season,12,2017-11-18 13:30:00,1,38,2,0,Emirates Stadium,M. Dean
1998,1,2,Regular Season,19,2017-12-23 18:30:00,34,38,0,3,Turf Moor,M. Oliver
2252,1,2,Regular Season,32,2018-03-31 16:00:00,27,34,1,2,The Hawthorns,L. Probert
2288,1,2,Regular Season,32,2018-03-31 18:30:00,29,36,1,3,Goodison Park,P. Tierney
2330,1,2,Regular Season,32,2018-04-01 17:00:00,33,38,1,3,Stamford Bridge,A. Marriner
2138,1,2,Regular Season,37,2018-05-06 17:30:00,33,24,1,0,Stamford Bridge,A. Taylor
2110,1,2,Regular Season,38,2018-05-13 16:00:00,31,27,2,0,Selhurst Park,J. Moss
2347,1,2,Regular Season,36,2018-04-28 16:00:00,34,35,0,0,Turf Moor,R. East
2171,1,2,Regular Season,11,2017-11-05 17:30:00,33,39,1,0,Stamford Bridge,A. Taylor
2054,1,2,Regular Season,8,2017-10-14 16:00:00,26,32,2,0,Liberty Stadium,P. Tierney
2104,1,2,Regular Season,11,2017-11-04 16:00:00,32,27,1,0,John Smiths Stadium ,R. East
2051,1,2,Regular Season,6,2017-09-23 16:00:00,29,28,2,1,Goodison Park,M. Atkinson
2139,1,2,Regular Season,24,2018-01-20 13:30:00,35,33,0,4,The American Express Community Stadium,J. Moss
2111,1,2,Regular Season,4,2017-09-09 16:00:00,22,33,1,2,King Power Stadium,L. Mason
2263,1,2,Regular Season,4,2017-09-10 17:00:00,26,37,0,1,Liberty Stadium,M. Jones
2019,1,2,Regular Season,5,2017-09-16 13:30:00,31,25,0,1,Selhurst Park,R. Madley
2273,1,2,Regular Season,8,2017-10-16 21:00:00,22,27,1,1,King Power Stadium,M. Dean
2292,1,2,Regular Season,9,2017-10-20 21:00:00,40,35,0,3,London Stadium,M. Atkinson
2215,1,2,Regular Season,27,2018-02-12 21:00:00,33,27,3,0,Stamford Bridge,L. Mason
2246,1,2,Regular Season,8,2017-10-15 17:00:00,25,37,2,2,St. Marys Stadium,K. Friend
2272,1,2,Regular Season,12,2017-11-18 16:00:00,24,25,3,0,Anfield,M. Jones
2208,1,2,Regular Season,9,2017-10-22 14:30:00,29,1,2,5,Goodison Park,C. Pawson
2018,1,2,Regular Season,33,2018-04-07 13:30:00,29,24,0,0,Goodison Park,M. Oliver
2189,1,2,Regular Season,33,2018-04-07 16:00:00,22,37,1,2,King Power Stadium,S. Attwell
2164,1,2,Regular Season,6,2017-09-24 17:00:00,35,37,1,0,The American Express Community Stadium,A. Marriner
1991,1,2,Regular Season,26,2018-02-03 16:00:00,27,25,2,3,The Hawthorns,M. Oliver
2304,1,2,Regular Season,16,2017-12-10 13:00:00,25,1,1,1,St. Marys Stadium,R. Madley
2256,1,2,Regular Season,36,2018-04-28 16:00:00,25,28,2,1,St. Marys Stadium,A. Taylor
2109,1,2,Regular Season,13,2017-11-26 17:00:00,32,36,1,2,John Smiths Stadium ,C. Pawson
2280,1,2,Regular Season,38,2018-05-13 16:00:00,39,23,1,0,Old Trafford,L. Mason
2174,1,2,Regular Season,29,2018-03-03 18:30:00,24,37,2,0,Anfield,G. Scott
2224,1,2,Regular Season,16,2017-12-09 16:00:00,34,23,1,0,Turf Moor,L. Probert
2348,1,2,Regular Season,18,2017-12-16 16:00:00,33,25,1,0,Stamford Bridge,R. East
2313,1,2,Regular Season,18,2017-12-17 15:15:00,27,39,1,2,The Hawthorns,A. Taylor
2027,1,2,Regular Season,17,2017-12-13 21:00:00,39,28,1,0,Old Trafford,G. Scott
2009,1,2,Regular Season,37,2018-05-06 17:30:00,1,34,5,0,Emirates Stadium,A. Marriner
2072,1,2,Regular Season,33,2018-04-08 17:30:00,33,40,1,1,Stamford Bridge,K. Friend
2066,1,2,Regular Season,2,2017-08-19 16:00:00,24,31,1,0,Anfield,K. Friend
1982,1,2,Regular Season,31,2018-05-08 20:45:00,26,25,0,1,Liberty Stadium,M. Oliver
2262,1,2,Regular Season,17,2017-12-12 20:45:00,34,30,1,0,Turf Moor,M. Jones
2030,1,2,Regular Season,23,2018-01-15 21:00:00,39,30,3,0,Old Trafford,A. Taylor
2172,1,2,Regular Season,11,2017-11-04 18:30:00,40,24,1,4,London Stadium,N. Swarbrick
2298,1,2,Regular Season,14,2017-11-28 20:45:00,35,31,0,0,The American Express Community Stadium,A. Marriner
2341,1,2,Regular Season,14,2017-11-29 20:45:00,33,26,1,0,Stamford Bridge,N. Swarbrick
2241,1,2,Regular Season,27,2018-02-10 16:00:00,40,23,2,0,London Stadium,G. Scott
2116,1,2,Regular Season,17,2017-12-13 20:45:00,26,36,0,4,Liberty Stadium,A. Taylor
2125,1,2,Regular Season,5,2017-09-17 14:30:00,33,1,0,0,Stamford Bridge,M. Oliver
1981,1,2,Regular Season,8,2017-10-14 13:30:00,24,39,0,0,Anfield,M. Atkinson
2221,1,2,Regular Season,16,2017-12-10 15:15:00,24,29,1,1,Anfield,C. Pawson
2070,1,2,Regular Season,34,2018-04-15 17:00:00,39,27,0,1,Old Trafford,P. Tierney
2253,1,2,Regular Season,6,2017-09-23 16:00:00,36,31,5,0,Etihad Stadium,N. Swarbrick
2200,1,2,Regular Season,14,2017-11-28 20:45:00,22,38,2,1,King Power Stadium,A. Taylor
2062,1,2,Regular Season,38,2018-05-13 16:00:00,37,33,3,0,St. James Park,M. Atkinson
2008,1,2,Regular Season,28,2018-02-24 16:00:00,24,40,4,1,Anfield,S. Attwell
2193,1,2,Regular Season,28,2018-02-25 15:05:00,39,33,2,1,Old Trafford,M. Atkinson
2230,1,2,Regular Season,28,2018-02-24 16:00:00,34,25,1,1,Turf Moor,R. Madley
1989,1,2,Regular Season,28,2018-02-25 13:00:00,31,38,0,1,Selhurst Park,K. Friend
2044,1,2,Regular Season,16,2017-12-10 17:30:00,39,36,1,2,Old Trafford,M. Oliver
2293,1,2,Regular Season,3,2017-08-27 14:30:00,33,29,2,0,Stamford Bridge,J. Moss
2156,1,2,Regular Season,8,2017-10-14 16:00:00,31,33,2,1,Selhurst Park,A. Marriner
2113,1,2,Regular Season,10,2017-10-29 14:30:00,35,25,1,1,The American Express Community Stadium,N. Swarbrick
2247,1,2,Regular Season,25,2018-01-31 20:45:00,25,35,1,1,St. Marys Stadium,M. Dean
2031,1,2,Regular Season,32,2018-03-31 16:00:00,39,26,2,0,Old Trafford,R. Madley
2240,1,2,Regular Season,18,2017-12-16 16:00:00,35,34,0,0,The American Express Community Stadium,C. Kavanagh
2245,1,2,Regular Season,21,2017-12-30 16:00:00,32,34,0,0,John Smiths Stadium ,P. Tierney
1995,1,2,Regular Season,2,2017-08-20 14:30:00,32,37,1,0,John Smiths Stadium ,C. Pawson
2278,1,2,Regular Season,36,2018-04-29 17:30:00,39,1,2,1,Old Trafford,K. Friend
2212,1,2,Regular Season,28,2018-03-01 20:45:00,1,36,0,3,Emirates Stadium,A. Marriner
2127,1,2,Regular Season,3,2017-08-26 16:00:00,31,26,0,2,Selhurst Park,A. Marriner
2101,1,2,Regular Season,23,2018-01-13 16:00:00,31,34,1,0,Selhurst Park,M. Oliver
2045,1,2,Regular Season,1,2017-08-12 16:00:00,29,30,1,0,Goodison Park,N. Swarbrick
2350,1,2,Regular Season,35,2018-04-19 20:45:00,22,25,0,0,King Power Stadium,R. East
2131,1,2,Regular Season,26,2018-02-03 16:00:00,35,40,3,1,The American Express Community Stadium,R. East
2345,1,2,Regular Season,36,2018-04-28 18:30:00,26,33,0,1,Liberty Stadium,J. Moss
2075,1,2,Regular Season,24,2018-01-22 21:00:00,26,24,1,0,Liberty Stadium,N. Swarbrick
2274,1,2,Regular Season,1,2017-08-11 20:45:00,1,22,4,3,Emirates Stadium,M. Dean
2017,1,2,Regular Season,26,2018-02-03 13:30:00,34,36,1,1,Turf Moor,M. Atkinson
1992,1,2,Regular Season,1,2017-08-12 16:00:00,33,34,2,3,Stamford Bridge,C. Pawson
2099,1,2,Regular Season,30,2018-03-11 17:00:00,28,38,1,4,Vitality Stadium,M. Dean
2106,1,2,Regular Season,33,2018-04-07 16:00:00,35,32,1,1,The American Express Community Stadium,A. Taylor
2290,1,2,Regular Season,33,2018-04-07 16:00:00,30,38,1,2,bet365 Stadium,G. Scott
2242,1,2,Regular Season,27,2018-02-11 17:30:00,25,24,0,2,St. Marys Stadium,M. Atkinson
2216,1,2,Regular Season,1,2017-08-13 14:30:00,37,38,0,2,St. James Park,A. Marriner
2268,1,2,Regular Season,2,2017-08-21 21:00:00,36,29,1,1,Etihad Stadium,R. Madley
2042,1,2,Regular Season,5,2017-09-16 16:00:00,37,30,2,1,St. James Park,S. Attwell
2261,1,2,Regular Season,14,2017-11-29 21:00:00,30,24,0,3,Bet365 Stadium,M. Atkinson
2063,1,2,Regular Season,25,2018-01-31 21:00:00,36,27,3,0,Etihad Stadium,R. Madley
2187,1,2,Regular Season,27,2018-02-10 18:30:00,36,22,5,1,Etihad Stadium,M. Jones
1999,1,2,Regular Season,28,2018-02-24 18:30:00,23,29,1,0,Vicarage Road,A. Taylor
2346,1,2,Regular Season,27,2018-02-11 15:15:00,37,39,1,0,St. James Park,C. Pawson
2197,1,2,Regular Season,34,2018-04-14 13:30:00,25,33,2,3,St. Marys Stadium,M. Dean
2354,1,2,Regular Season,31,2018-04-19 20:45:00,34,33,1,2,Turf Moor,R. Madley
2229,1,2,Regular Season,32,2018-03-31 16:00:00,40,25,3,0,London Stadium,J. Moss
2088,1,2,Regular Season,7,2017-10-01 13:00:00,1,35,2,0,Emirates Stadium,K. Friend
2301,1,2,Regular Season,3,2017-08-26 16:00:00,37,40,3,0,St. James Park,N. Swarbrick
2222,1,2,Regular Season,34,2018-04-16 21:00:00,40,30,1,1,London Stadium,M. Oliver
2086,1,2,Regular Season,34,2018-04-14 18:30:00,24,28,3,0,Anfield,C. Kavanagh
2026,1,2,Regular Season,23,2018-01-13 18:30:00,38,29,4,0,Wembley Stadium,C. Pawson
2284,1,2,Regular Season,29,2018-03-03 16:00:00,22,28,1,1,King Power Stadium,L. Probert
2310,1,2,Regular Season,32,2018-03-31 13:30:00,31,24,1,2,Selhurst Park,N. Swarbrick
2186,1,2,Regular Season,29,2018-03-03 16:00:00,38,32,2,0,Wembley Stadium,K. Friend
1987,1,2,Regular Season,2,2017-08-19 16:00:00,28,23,0,2,Vitality Stadium,R. East
2300,1,2,Regular Season,25,2018-01-30 21:00:00,32,24,0,3,John Smiths Stadium ,K. Friend
2308,1,2,Regular Season,12,2017-11-18 16:00:00,34,26,2,0,Turf Moor,M. Atkinson
2035,1,2,Regular Season,11,2017-11-05 13:00:00,38,31,1,0,Wembley Stadium,K. Friend
2146,1,2,Regular Season,33,2018-04-07 18:30:00,36,39,2,3,Etihad Stadium,M. Atkinson
2303,1,2,Regular Season,34,2018-04-14 16:00:00,32,23,1,0,John Smiths Stadium ,C. Pawson
2013,1,2,Regular Season,10,2017-10-28 18:30:00,28,33,0,1,Vitality Stadium,C. Pawson
2291,1,2,Regular Season,27,2018-02-11 13:00:00,32,28,4,1,John Smiths Stadium ,M. Oliver
2010,1,2,Regular Season,22,2018-01-02 21:00:00,36,23,3,1,Etihad Stadium,L. Mason
2289,1,2,Regular Season,23,2018-01-13 16:00:00,32,40,1,4,John Smiths Stadium ,J. Moss
2085,1,2,Regular Season,24,2018-01-20 16:00:00,22,23,2,0,King Power Stadium,L. Probert
2335,1,2,Regular Season,5,2017-09-15 21:00:00,28,35,2,1,Vitality Stadium,C. Pawson
2052,1,2,Regular Season,19,2017-12-23 16:00:00,26,31,1,1,Liberty Stadium,C. Pawson
2137,1,2,Regular Season,36,2018-04-28 16:00:00,37,27,0,1,St. James Park,D. Coote
2355,1,2,Regular Season,34,2018-04-14 20:45:00,38,36,1,3,Wembley Stadium,J. Moss
2001,1,2,Regular Season,12,2017-11-18 16:00:00,27,33,0,4,The Hawthorns,J. Moss
2342,1,2,Regular Season,19,2017-12-22 20:45:00,1,24,3,3,Emirates Stadium,M. Atkinson
2334,1,2,Regular Season,23,2018-01-14 14:30:00,28,1,2,1,Vitality Stadium,K. Friend
2234,1,2,Regular Season,2,2017-08-20 17:00:00,38,33,1,2,Wembley Stadium,A. Taylor
2154,1,2,Regular Season,33,2018-04-07 16:00:00,28,31,2,2,Vitality Stadium,J. Moss
7306,1,2,Regular Season,35,2018-04-17 20:45:00,35,38,1,1,The American Express Community Stadium,K. Friend
2077,1,2,Regular Season,14,2017-11-28 21:00:00,23,39,2,4,Vicarage Road,J. Moss
2157,1,2,Regular Season,3,2017-08-27 14:30:00,27,30,1,1,The Hawthorns,A. Taylor
2006,1,2,Regular Season,38,2018-05-13 16:00:00,25,36,0,1,St. Marys Stadium,A. Marriner
2166,1,2,Regular Season,24,2018-01-20 18:30:00,36,37,3,1,Etihad Stadium,P. Tierney
2029,1,2,Regular Season,25,2018-01-30 20:45:00,26,1,3,1,Liberty Stadium,L. Mason
2134,1,2,Regular Season,13,2017-11-25 16:00:00,38,27,1,1,Wembley Stadium,M. Jones
2204,1,2,Regular Season,38,2018-05-13 16:00:00,38,22,5,4,Wembley Stadium,C. Pawson
2150,1,2,Regular Season,7,2017-09-30 16:00:00,40,26,1,0,London Stadium,R. East
7307,1,2,Regular Season,35,2018-04-18 20:45:00,28,39,0,2,Vitality Stadium,G. Scott
2201,1,2,Regular Season,38,2018-05-13 16:00:00,40,29,3,1,London Stadium,G. Scott
2205,1,2,Regular Season,7,2017-09-30 16:00:00,27,23,2,2,The Hawthorns,M. Oliver
2158,1,2,Regular Season,25,2018-01-31 20:45:00,29,22,2,1,Goodison Park,C. Kavanagh
2076,1,2,Regular Season,10,2017-10-28 16:00:00,31,40,2,2,Selhurst Park,R. Madley
2337,1,2,Regular Season,25,2018-01-31 20:45:00,37,34,1,1,St. James Park,S. Hooper
1990,1,2,Regular Season,15,2017-12-02 16:00:00,35,24,1,5,The American Express Community Stadium,G. Scott
2129,1,2,Regular Season,21,2017-12-30 16:00:00,24,22,2,1,Anfield,N. Swarbrick
2162,1,2,Regular Season,22,2018-01-01 16:00:00,22,32,3,0,King Power Stadium,G. Scott
2065,1,2,Regular Season,9,2017-10-21 16:00:00,32,39,2,1,John Smiths Stadium ,L. Mason
1988,1,2,Regular Season,10,2017-10-28 16:00:00,1,26,2,1,Emirates Stadium,L. Mason
2167,1,2,Regular Season,3,2017-08-27 17:00:00,24,1,4,0,Anfield,C. Pawson
2123,1,2,Regular Season,36,2018-04-28 16:00:00,32,29,0,2,John Smiths Stadium ,L. Probert
2276,1,2,Regular Season,9,2017-10-22 17:00:00,38,24,4,1,Wembley Stadium,A. Marriner
2092,1,2,Regular Season,33,2018-04-07 16:00:00,27,26,1,1,The Hawthorns,R. East
2105,1,2,Regular Season,30,2018-03-10 16:00:00,27,22,1,4,The Hawthorns,R. Madley
2000,1,2,Regular Season,38,2018-05-13 16:00:00,34,28,1,2,Turf Moor,P. Tierney
2286,1,2,Regular Season,9,2017-10-21 18:30:00,25,27,1,0,St. Marys Stadium,G. Scott
2269,1,2,Regular Season,1,2017-08-13 17:00:00,39,40,4,0,Old Trafford,M. Atkinson
2315,1,2,Regular Season,1,2017-08-12 18:30:00,35,36,0,2,The American Express Community Stadium,M. Oliver
2257,1,2,Regular Season,4,2017-09-10 14:30:00,34,31,1,0,Turf Moor,M. Oliver
2056,1,2,Regular Season,4,2017-09-09 18:30:00,30,39,2,2,Bet365 Stadium,N. Swarbrick
2191,1,2,Regular Season,12,2017-11-20 21:00:00,35,30,2,2,The American Express Community Stadium,L. Mason
2058,1,2,Regular Season,2,2017-08-19 18:30:00,30,1,1,0,bet365 Stadium,A. Marriner
2296,1,2,Regular Season,29,2018-03-03 16:00:00,25,30,0,0,St. Marys Stadium,A. Taylor
2055,1,2,Regular Season,5,2017-09-16 16:00:00,24,34,1,1,Anfield,R. East
2192,1,2,Regular Season,10,2017-10-28 16:00:00,27,36,2,3,The Hawthorns,M. Jones
2323,1,2,Regular Season,34,2018-04-14 16:00:00,34,22,2,1,Turf Moor,M. Atkinson
2299,1,2,Regular Season,10,2017-10-30 21:00:00,34,37,1,0,Turf Moor,M. Dean
2353,1,2,Regular Season,37,2018-05-05 18:30:00,29,25,1,1,Goodison Park,J. Moss
2243,1,2,Regular Season,1,2017-08-12 16:00:00,25,26,0,0,St. Marys Stadium,M. Jones
2235,1,2,Regular Season,35,2018-04-23 21:00:00,29,37,1,0,Goodison Park,R. Madley
2297,1,2,Regular Season,37,2018-05-04 21:00:00,35,39,1,0,The American Express Community Stadium,C. Pawson
2356,1,2,Regular Season,11,2017-11-05 17:30:00,29,23,3,2,Goodison Park,G. Scott
2002,1,2,Regular Season,35,2018-04-21 13:30:00,27,24,2,2,The Hawthorns,S. Attwell
2254,1,2,Regular Season,2,2017-08-19 13:30:00,26,39,0,4,Liberty Stadium,J. Moss
2021,1,2,Regular Season,6,2017-09-23 16:00:00,26,23,1,2,Liberty Stadium,L. Mason
2227,1,2,Regular Season,5,2017-09-17 17:00:00,39,29,4,0,Old Trafford,A. Marriner
2275,1,2,Regular Season,6,2017-09-23 16:00:00,25,39,0,1,St. Marys Stadium,C. Pawson
2349,1,2,Regular Season,12,2017-11-18 16:00:00,31,29,2,2,Selhurst Park,A. Taylor
2096,1,2,Regular Season,10,2017-10-28 16:00:00,23,30,0,1,Vicarage Road,M. Oliver
2050,1,2,Regular Season,26,2018-02-03 16:00:00,39,32,2,0,Old Trafford,S. Attwell
2060,1,2,Regular Season,23,2018-01-13 16:00:00,27,35,2,0,The Hawthorns,M. Atkinson
2151,1,2,Regular Season,26,2018-02-03 16:00:00,28,30,2,1,Vitality Stadium,P. Tierney
2135,1,2,Regular Season,17,2017-12-13 21:00:00,24,27,0,0,Anfield,P. Tierney
2211,1,2,Regular Season,29,2018-03-04 14:30:00,35,1,2,1,The American Express Community Stadium,S. Attwell
2130,1,2,Regular Season,8,2017-10-14 16:00:00,38,28,1,0,Wembley Stadium,R. Madley
2175,1,2,Regular Season,35,2018-04-22 17:30:00,36,26,5,0,Etihad Stadium,C. Pawson
2295,1,2,Regular Season,4,2017-09-09 16:00:00,35,27,3,1,The American Express Community Stadium,C. Kavanagh
2265,1,2,Regular Season,37,2018-05-05 16:00:00,27,38,1,0,The Hawthorns,M. Jones
2084,1,2,Regular Season,7,2017-10-01 15:15:00,29,34,0,1,Goodison Park,J. Moss
2267,1,2,Regular Season,8,2017-10-14 16:00:00,34,40,1,1,Turf Moor,S. Attwell
2025,1,2,Regular Season,10,2017-10-28 13:30:00,39,38,1,0,Old Trafford,J. Moss
2325,1,2,Regular Season,6,2017-09-23 16:00:00,34,32,0,0,Turf Moor,C. Kavanagh
2181,1,2,Regular Season,9,2017-10-21 16:00:00,30,28,1,2,Bet365 Stadium,L. Probert
2305,1,2,Regular Season,3,2017-08-26 18:30:00,39,22,2,0,Old Trafford,M. Oliver
2100,1,2,Regular Season,7,2017-09-30 13:30:00,32,38,0,4,John Smiths Stadium ,N. Swarbrick
2328,1,2,Regular Season,7,2017-09-30 16:00:00,28,22,0,0,Vitality Stadium,G. Scott
2233,1,2,Regular Season,8,2017-10-14 16:00:00,36,30,7,2,Etihad Stadium,C. Pawson
2195,1,2,Regular Season,1,2017-08-12 16:00:00,31,32,0,3,Selhurst Park,J. Moss
2071,1,2,Regular Season,2,2017-08-19 16:00:00,22,35,2,0,King Power Stadium,L. Probert
1984,1,2,Regular Season,16,2017-12-09 16:00:00,38,30,5,1,Wembley Stadium,R. East
2087,1,2,Regular Season,27,2018-02-10 13:30:00,38,1,1,0,Wembley Stadium,A. Taylor
2103,1,2,Regular Season,29,2018-03-03 16:00:00,26,40,4,1,Liberty Stadium,M. Atkinson
2161,1,2,Regular Season,26,2018-02-03 18:30:00,1,29,5,1,Emirates Stadium,N. Swarbrick
2090,1,2,Regular Season,2,2017-08-19 16:00:00,34,27,0,1,Turf Moor,M. Atkinson
2185,1,2,Regular Season,3,2017-08-27 17:00:00,38,34,1,1,Wembley Stadium,L. Mason
2114,1,2,Regular Season,7,2017-09-30 18:30:00,33,36,0,1,Stamford Bridge,M. Atkinson
2022,1,2,Regular Season,3,2017-08-26 16:00:00,23,35,0,0,Vicarage Road,G. Scott
2203,1,2,Regular Season,4,2017-09-09 13:30:00,36,24,5,0,Etihad Stadium,J. Moss
2178,1,2,Regular Season,25,2018-01-31 21:00:00,38,39,2,0,Wembley Stadium,A. Marriner
2016,1,2,Regular Season,17,2017-12-13 21:00:00,40,1,0,0,London Stadium,J. Moss
2198,1,2,Regular Season,31,2018-05-09 21:00:00,36,35,3,1,Etihad Stadium,P. Tierney
2168,1,2,Regular Season,6,2017-09-23 18:30:00,22,24,2,3,King Power Stadium,A. Taylor
1994,1,2,Regular Season,6,2017-09-23 13:30:00,40,38,2,3,London Stadium,M. Oliver
2004,1,2,Regular Season,11,2017-11-04 16:00:00,37,28,0,1,St. James Park,P. Tierney
2078,1,2,Regular Season,5,2017-09-16 18:30:00,38,26,0,0,Wembley Stadium,M. Dean
2012,1,2,Regular Season,11,2017-11-05 15:15:00,36,1,3,1,Etihad Stadium,M. Oliver
